{"version":"1.6","map_chara":{"Elaerin":1,"Sada":2},"plugin":{"live2d":1},"map_font":{},"map_var":{"Барабаны":{"val":"","kind":"f"},"Гитара":{"val":"","kind":"f"}},"live2d_version":"2.1","name":"Kosetsu","game_type":"adv","size_type":"99","width":"1366","height":"768","vertical":false,"check_title":"no","check_menu":"no","message_window":{"use_image":false,"image_file":"","msg_width":1326,"msg_height":253,"msg_top":445,"msg_left":20,"margint":45,"marginl":10,"marginr":20,"marginb":10,"vertical":false,"color":"","opacity":180,"window_color":"0x000000","chara_name_color":"0xFFFFFF","chara_name_size":26,"chara_name_x":30,"chara_name_y":455,"chara_name_bold":"bold","game_type":"adv","check_chara_mode":true,"text_chara_mod_time":"600","check_memory_chara_face":false,"check_chara_anim":true,"select_chara_anim_mode":"easeInQuad","icon_position_x":0,"icon_position_y":0,"icon_position_fix":false,"select_talk_focus":"brightness","text_pos_change_time":"600","map_role":{}},"component_manage":{"scenario":{"text":"true","cm":"true","glink":"true","label":"true","jump":"true","s":"true"},"text":{"tb_ptext_show":"true","tb_ptext_hide":"true"},"character":{"chara_show":"true","chara_hide":"true","chara_mod":"true","chara_hide_all":"true"},"live2d":{"live2d_show":"true","live2d_motion":"true","live2d_hide":"true","live2d_trans":"true"},"image":{"bg":"true","tb_image_show":"true","tb_image_hide":"true","clickable":"true","button":"true"},"effect":{"tb_show_message_window":"true","tb_hide_message_window":"true","hidemessage":"true","delay":"true","font":"true","resetfont":"true","wait":"true","quake":"true"},"media":{"playbgm":"true","stopbgm":"true","playse":"true","stopse":"true","movie":"true"},"bgmovie":{"bgmovie":"true","stop_bgmovie":"true","wait_bgmovie":"true"},"camera":{"camera":"true","reset_camera":"true","wait_camera":"true"},"eval":{"tb_eval":"true","edit":"true","commit":"true"},"script":{"iscript":"true","tb_start_tyrano_code":"true"}}}